<documentInfo><pageList><page number="0"><annotationList><annotation type="1"><base author="cako" color="#ffff00" contents="Sup niggazzz" creationDate="2011-12-02T18:59:49" modifyDate="2011-12-02T18:59:49" preamble="\documentclass[12pt,a4paper]{article} \usepackage[utf8x]{inputenc} " uniqueName="notorius-1-0"><boundary b="0.149192982456" l="0.149192982456" r="0.179192982456" t="0.127192982456" /><window flags="-1" height="0" left="0" summary="LaTeXNote" title="" top="0" width="0" /></base><text icon="None" /></annotation><annotation type="1"><base author="cako" color="#ffff00" contents="$x^2$ yES!" creationDate="2011-12-02T18:59:49" modifyDate="2011-12-02T18:59:49" preamble="\documentclass[12pt,a4paper]{article} \usepackage[utf8x]{inputenc} " uniqueName="notorius-1-1"><boundary b="0.245684210526" l="0.705518018018" r="0.735518018018" t="0.223684210526" /><window flags="-1" height="0" left="0" summary="LaTeXNote" title="" top="0" width="0" /></base><text icon="None" /></annotation></annotationList></page></pageList></documentInfo>